date,state,county,stay_home,not_stay_home
2020-01-02,WA,King County,"481,536","1,771,246"
2020-01-03,WA,King County,"478,796","1,773,986"
2020-01-04,WA,King County,"524,217","1,728,565"
2020-01-05,WA,King County,"577,369","1,675,413"
2020-01-06,WA,King County,"499,565","1,753,217"
2020-01-07,WA,King County,"465,704","1,787,078"
2020-01-08,WA,King County,"459,785","1,792,997"
2020-01-09,WA,King County,"462,586","1,790,196"
2020-01-10,WA,King County,"456,392","1,796,390"
2020-01-11,WA,King County,"511,290","1,741,492"
2020-01-12,WA,King County,"559,892","1,692,890"
2020-01-13,WA,King County,"541,197","1,711,585"
2020-01-14,WA,King County,"563,078","1,689,704"
2020-01-15,WA,King County,"513,996","1,738,786"
2020-01-16,WA,King County,"461,390","1,791,392"
2020-01-17,WA,King County,"452,896","1,799,886"
2020-01-18,WA,King County,"503,603","1,749,179"
2020-01-19,WA,King County,"551,242","1,701,540"
2020-01-20,WA,King County,"508,769","1,744,013"
2020-01-21,WA,King County,"468,027","1,784,755"
2020-01-22,WA,King County,"446,863","1,805,919"
2020-01-23,WA,King County,"465,907","1,786,875"
2020-01-24,WA,King County,"453,926","1,798,856"
2020-01-25,WA,King County,"498,915","1,753,867"
2020-01-26,WA,King County,"533,886","1,718,896"
2020-01-27,WA,King County,"473,964","1,778,818"
2020-01-28,WA,King County,"464,703","1,788,079"
2020-01-29,WA,King County,"470,757","1,782,025"
2020-01-30,WA,King County,"458,873","1,793,909"
2020-01-31,WA,King County,"442,462","1,810,320"
2020-02-01,WA,King County,"489,817","1,762,965"
2020-02-02,WA,King County,"528,321","1,724,461"
2020-02-03,WA,King County,"465,047","1,787,735"
2020-02-04,WA,King County,"456,319","1,796,463"
2020-02-05,WA,King County,"461,117","1,791,665"
2020-02-06,WA,King County,"459,205","1,793,577"
2020-02-07,WA,King County,"450,758","1,802,024"
2020-02-08,WA,King County,"497,254","1,755,528"
2020-02-09,WA,King County,"569,884","1,682,898"
2020-02-10,WA,King County,"460,962","1,791,820"
2020-02-11,WA,King County,"434,429","1,818,353"
2020-02-12,WA,King County,"440,650","1,812,132"
2020-02-13,WA,King County,"439,665","1,813,117"
2020-02-14,WA,King County,"421,044","1,831,738"
2020-02-15,WA,King County,"486,667","1,766,115"
2020-02-16,WA,King County,"519,380","1,733,402"
2020-02-17,WA,King County,"623,485","1,629,297"
2020-02-18,WA,King County,"456,279","1,796,503"
2020-02-19,WA,King County,"437,134","1,815,648"
2020-02-20,WA,King County,"445,147","1,807,635"
2020-02-21,WA,King County,"443,499","1,809,283"
2020-02-22,WA,King County,"433,342","1,819,440"
2020-02-23,WA,King County,"536,455","1,716,327"
2020-02-24,WA,King County,"470,516","1,782,266"
2020-02-25,WA,King County,"462,721","1,790,061"
2020-02-26,WA,King County,"366,740","1,886,042"
2020-02-27,WA,King County,"443,513","1,809,269"
2020-02-28,WA,King County,"447,128","1,805,654"
2020-02-29,WA,King County,"478,682","1,774,100"
2020-03-01,WA,King County,"512,384","1,740,398"
2020-03-02,WA,King County,"495,716","1,757,066"
2020-03-03,WA,King County,"460,575","1,792,207"
2020-03-04,WA,King County,"467,430","1,785,352"
2020-03-05,WA,King County,"446,292","1,806,490"
2020-03-06,WA,King County,"461,677","1,791,105"
2020-03-07,WA,King County,"487,925","1,764,857"
2020-03-08,WA,King County,"538,986","1,713,796"
2020-03-09,WA,King County,"505,763","1,747,019"
2020-03-10,WA,King County,"494,924","1,757,858"
2020-03-11,WA,King County,"421,048","1,831,734"
2020-03-12,WA,King County,"439,571","1,813,211"
2020-03-13,WA,King County,"438,278","1,814,504"
2020-03-14,WA,King County,"512,484","1,740,298"
2020-03-15,WA,King County,"665,507","1,587,275"
2020-03-16,WA,King County,"606,145","1,646,637"
2020-03-17,WA,King County,"669,755","1,583,027"
2020-03-18,WA,King County,"707,440","1,545,342"
2020-03-19,WA,King County,"717,786","1,534,996"
2020-03-20,WA,King County,"722,081","1,530,701"
2020-03-21,WA,King County,"761,634","1,491,148"
2020-03-22,WA,King County,"727,868","1,524,914"
2020-03-23,WA,King County,"679,655","1,573,127"
2020-03-24,WA,King County,"697,236","1,555,546"
2020-03-25,WA,King County,"707,291","1,545,491"
2020-03-26,WA,King County,"733,533","1,519,249"
2020-03-27,WA,King County,"730,275","1,522,507"
2020-03-28,WA,King County,"753,092","1,499,690"
2020-03-29,WA,King County,"776,937","1,475,845"
2020-03-30,WA,King County,"716,215","1,536,567"
2020-03-31,WA,King County,"728,463","1,524,319"
2020-04-01,WA,King County,"723,009","1,529,773"
2020-04-02,WA,King County,"713,566","1,539,216"
2020-04-03,WA,King County,"711,289","1,541,493"
2020-04-04,WA,King County,"742,943","1,509,839"
2020-04-05,WA,King County,"771,292","1,481,490"
2020-04-06,WA,King County,"738,584","1,514,198"
2020-04-07,WA,King County,"725,833","1,526,949"
2020-04-08,WA,King County,"717,577","1,535,205"
2020-04-09,WA,King County,"725,449","1,527,333"
2020-04-10,WA,King County,"699,282","1,553,500"
2020-04-11,WA,King County,"732,728","1,520,054"
2020-04-12,WA,King County,"805,145","1,447,637"
2020-04-13,WA,King County,"739,611","1,513,171"
2020-04-14,WA,King County,"662,754","1,590,028"
2020-04-15,WA,King County,"641,016","1,611,766"
2020-04-16,WA,King County,"669,371","1,583,411"
2020-04-17,WA,King County,"622,045","1,630,737"
2020-04-18,WA,King County,"685,197","1,567,585"
2020-04-19,WA,King County,"690,607","1,562,175"
2020-04-20,WA,King County,"612,936","1,639,846"
2020-04-21,WA,King County,"709,372","1,543,410"
2020-04-22,WA,King County,"714,164","1,538,618"
2020-04-23,WA,King County,"708,054","1,544,728"
2020-04-24,WA,King County,"697,324","1,555,458"
2020-04-25,WA,King County,"732,888","1,519,894"
2020-04-26,WA,King County,"752,480","1,500,302"
2020-04-27,WA,King County,"707,832","1,544,950"
2020-04-28,WA,King County,"699,149","1,553,633"
2020-04-29,WA,King County,"705,373","1,547,409"
2020-04-30,WA,King County,"693,328","1,559,454"
2020-05-01,WA,King County,"677,554","1,575,228"
2020-05-02,WA,King County,"727,538","1,525,244"
2020-05-03,WA,King County,"745,376","1,507,406"
2020-05-04,WA,King County,"696,278","1,556,504"
2020-05-05,WA,King County,"694,655","1,558,127"
2020-05-06,WA,King County,"693,701","1,559,081"
2020-05-07,WA,King County,"676,482","1,576,300"
2020-05-08,WA,King County,"675,812","1,576,970"
2020-05-09,WA,King County,"686,079","1,566,703"
2020-05-10,WA,King County,"698,844","1,553,938"
2020-05-11,WA,King County,"628,281","1,624,501"
2020-05-12,WA,King County,"619,973","1,632,809"
2020-05-13,WA,King County,"632,547","1,620,235"
2020-05-14,WA,King County,"623,616","1,629,166"
2020-05-15,WA,King County,"612,365","1,640,417"
2020-05-16,WA,King County,"662,683","1,590,099"
2020-05-17,WA,King County,"632,294","1,620,488"
2020-05-18,WA,King County,"560,719","1,692,063"
2020-05-19,WA,King County,"550,757","1,702,025"
2020-05-20,WA,King County,"556,084","1,696,698"
2020-05-21,WA,King County,"550,073","1,702,709"
2020-05-22,WA,King County,"510,846","1,741,936"
2020-05-23,WA,King County,"562,858","1,689,924"
2020-05-24,WA,King County,"648,892","1,603,890"
2020-05-25,WA,King County,"664,677","1,588,105"
2020-05-26,WA,King County,"610,716","1,642,066"
2020-05-27,WA,King County,"606,604","1,646,178"
2020-05-28,WA,King County,"605,369","1,647,413"
2020-05-29,WA,King County,"630,339","1,622,443"
2020-05-30,WA,King County,"694,451","1,558,331"
2020-05-31,WA,King County,"692,016","1,560,766"
2020-06-01,WA,King County,"626,308","1,626,474"
2020-06-02,WA,King County,"639,098","1,613,684"
2020-06-03,WA,King County,"601,942","1,650,840"
2020-06-04,WA,King County,"603,681","1,649,101"
2020-06-05,WA,King County,"588,629","1,664,153"
2020-06-06,WA,King County,"630,333","1,622,449"
2020-06-07,WA,King County,"580,010","1,672,772"
2020-06-08,WA,King County,"577,353","1,675,429"
2020-06-09,WA,King County,"636,544","1,616,238"
2020-06-10,WA,King County,"617,943","1,634,839"
2020-06-11,WA,King County,"604,033","1,648,749"
2020-06-12,WA,King County,"610,575","1,642,207"
2020-06-13,WA,King County,"636,685","1,616,097"
2020-06-14,WA,King County,"656,568","1,596,214"
2020-06-15,WA,King County,"634,112","1,618,670"
2020-06-16,WA,King County,"628,435","1,624,347"
2020-06-17,WA,King County,"601,357","1,651,425"
2020-06-18,WA,King County,"593,942","1,658,840"
2020-06-19,WA,King County,"585,761","1,667,021"
2020-06-20,WA,King County,"634,824","1,617,958"
2020-06-21,WA,King County,"666,472","1,586,310"
2020-06-22,WA,King County,"620,982","1,631,800"
2020-06-23,WA,King County,"601,545","1,651,237"
2020-06-24,WA,King County,"634,458","1,618,324"
2020-06-25,WA,King County,"607,424","1,645,358"
2020-06-26,WA,King County,"600,490","1,652,292"
2020-06-27,WA,King County,"634,273","1,618,509"
2020-06-28,WA,King County,"668,808","1,583,974"
2020-06-29,WA,King County,"632,107","1,620,675"
2020-06-30,WA,King County,"631,913","1,620,869"
2020-07-01,WA,King County,"624,791","1,627,991"
2020-07-02,WA,King County,"632,037","1,620,745"
2020-07-03,WA,King County,"636,414","1,616,368"
2020-07-04,WA,King County,"673,981","1,578,801"
2020-07-05,WA,King County,"648,204","1,604,578"
2020-07-06,WA,King County,"645,245","1,607,537"
2020-07-07,WA,King County,"637,221","1,615,561"
2020-07-08,WA,King County,"630,483","1,622,299"
2020-07-09,WA,King County,"627,903","1,624,879"
2020-07-10,WA,King County,"616,458","1,636,324"
2020-07-11,WA,King County,"647,464","1,605,318"
2020-07-12,WA,King County,"658,742","1,594,040"
2020-07-13,WA,King County,"622,291","1,630,491"
2020-07-14,WA,King County,"636,537","1,616,245"
2020-07-15,WA,King County,"626,031","1,626,751"
2020-07-16,WA,King County,"628,528","1,624,254"
2020-07-17,WA,King County,"628,824","1,623,958"
2020-07-18,WA,King County,"657,637","1,595,145"
2020-07-19,WA,King County,"702,345","1,550,437"
2020-07-20,WA,King County,"684,994","1,567,788"
2020-07-21,WA,King County,"657,405","1,595,377"
2020-07-22,WA,King County,"645,942","1,606,840"
2020-07-23,WA,King County,"653,895","1,598,887"
2020-07-24,WA,King County,"635,997","1,616,785"
2020-07-25,WA,King County,"670,290","1,582,492"
2020-07-26,WA,King County,"658,108","1,594,674"
2020-07-27,WA,King County,"654,358","1,598,424"
2020-07-28,WA,King County,"637,864","1,614,918"
2020-07-29,WA,King County,"647,149","1,605,633"
2020-07-30,WA,King County,"625,911","1,626,871"
2020-07-31,WA,King County,"636,810","1,615,972"
2020-08-01,WA,King County,"669,615","1,583,167"
2020-08-02,WA,King County,"681,236","1,571,546"
2020-08-03,WA,King County,"642,691","1,610,091"
2020-08-04,WA,King County,"629,431","1,623,351"
2020-08-05,WA,King County,"637,160","1,615,622"
2020-08-06,WA,King County,"637,724","1,615,058"
2020-08-07,WA,King County,"639,259","1,613,523"
2020-08-08,WA,King County,"668,145","1,584,637"
2020-08-09,WA,King County,"642,157","1,610,625"
2020-08-10,WA,King County,"634,349","1,618,433"
2020-08-11,WA,King County,"627,361","1,625,421"
2020-08-12,WA,King County,"604,623","1,648,159"
2020-08-13,WA,King County,"565,852","1,686,930"
2020-08-14,WA,King County,"558,317","1,694,465"
2020-08-15,WA,King County,"583,389","1,669,393"
2020-08-16,WA,King County,"638,911","1,613,871"
2020-08-17,WA,King County,"638,397","1,614,385"
2020-08-18,WA,King County,"613,084","1,639,698"
2020-08-19,WA,King County,"604,642","1,648,140"
2020-08-20,WA,King County,"578,163","1,674,619"
2020-08-21,WA,King County,"562,774","1,690,008"
2020-08-22,WA,King County,"588,140","1,664,642"
2020-08-23,WA,King County,"660,794","1,591,988"
2020-08-24,WA,King County,"654,255","1,598,527"
2020-08-25,WA,King County,"633,464","1,619,318"
2020-08-26,WA,King County,"647,797","1,604,985"
2020-08-27,WA,King County,"651,473","1,601,309"
2020-08-28,WA,King County,"637,555","1,615,227"
2020-08-29,WA,King County,"660,646","1,592,136"
2020-08-30,WA,King County,"689,668","1,563,114"
2020-08-31,WA,King County,"658,360","1,594,422"
2020-09-01,WA,King County,"637,188","1,615,594"
2020-09-02,WA,King County,"645,853","1,606,929"
2020-09-03,WA,King County,"612,029","1,640,753"
2020-09-04,WA,King County,"644,578","1,608,204"
2020-09-05,WA,King County,"645,015","1,607,767"
2020-09-06,WA,King County,"668,569","1,584,213"
2020-09-07,WA,King County,"685,748","1,567,034"
2020-09-08,WA,King County,"677,060","1,575,722"
2020-09-09,WA,King County,"660,193","1,592,589"
2020-09-10,WA,King County,"652,254","1,600,528"
2020-09-11,WA,King County,"649,188","1,603,594"
2020-09-12,WA,King County,"703,893","1,548,889"
2020-09-13,WA,King County,"671,191","1,581,591"
2020-09-14,WA,King County,"686,824","1,565,958"
2020-09-15,WA,King County,"672,879","1,579,903"
2020-09-16,WA,King County,"672,902","1,579,880"
2020-09-17,WA,King County,"673,470","1,579,312"
2020-09-18,WA,King County,"667,634","1,585,148"
2020-09-19,WA,King County,"681,265","1,571,517"
2020-09-20,WA,King County,"666,039","1,586,743"
2020-09-21,WA,King County,"698,809","1,553,973"
2020-09-22,WA,King County,"629,292","1,623,490"
2020-09-23,WA,King County,"618,999","1,633,783"
2020-09-24,WA,King County,"615,533","1,637,249"
2020-09-25,WA,King County,"612,742","1,640,040"
2020-09-26,WA,King County,"649,074","1,603,708"
2020-09-27,WA,King County,"644,400","1,608,382"
2020-09-28,WA,King County,"617,517","1,635,265"
2020-09-29,WA,King County,"633,627","1,619,155"
2020-09-30,WA,King County,"622,029","1,630,753"
2020-10-01,WA,King County,"615,233","1,637,549"
2020-10-02,WA,King County,"645,060","1,607,722"
2020-10-03,WA,King County,"666,425","1,586,357"
2020-10-04,WA,King County,"708,411","1,544,371"
2020-10-05,WA,King County,"695,107","1,557,675"
2020-10-06,WA,King County,"650,903","1,601,879"
2020-10-07,WA,King County,"638,284","1,614,498"
2020-10-08,WA,King County,"643,733","1,609,049"
2020-10-09,WA,King County,"646,142","1,606,640"
2020-10-10,WA,King County,"678,924","1,573,858"
2020-10-11,WA,King County,"690,178","1,562,604"
2020-10-12,WA,King County,"663,420","1,589,362"
2020-10-13,WA,King County,"642,688","1,610,094"
2020-10-14,WA,King County,"624,293","1,628,489"
2020-10-15,WA,King County,"640,900","1,611,882"
2020-10-16,WA,King County,"622,169","1,630,613"
2020-10-17,WA,King County,"647,118","1,605,664"
2020-10-18,WA,King County,"673,881","1,578,901"
2020-10-19,WA,King County,"650,798","1,601,984"
2020-10-20,WA,King County,"655,718","1,597,064"
2020-10-21,WA,King County,"674,466","1,578,316"
2020-10-22,WA,King County,"645,200","1,607,582"
2020-10-23,WA,King County,"634,460","1,618,322"
2020-10-24,WA,King County,"661,342","1,591,440"
2020-10-25,WA,King County,"671,414","1,581,368"
2020-10-26,WA,King County,"661,363","1,591,419"
2020-10-27,WA,King County,"650,265","1,602,517"
2020-10-28,WA,King County,"650,412","1,602,370"
2020-10-29,WA,King County,"641,152","1,611,630"
2020-10-30,WA,King County,"651,759","1,601,023"
2020-10-31,WA,King County,"682,487","1,570,295"
2020-11-01,WA,King County,"623,659","1,629,123"
2020-11-02,WA,King County,"603,843","1,648,939"
2020-11-03,WA,King County,"681,713","1,571,069"
2020-11-04,WA,King County,"679,233","1,573,549"
2020-11-05,WA,King County,"674,215","1,578,567"
2020-11-06,WA,King County,"608,121","1,644,661"
2020-11-07,WA,King County,"632,212","1,620,570"
2020-11-08,WA,King County,"709,018","1,543,764"
2020-11-09,WA,King County,"750,951","1,501,831"
2020-11-10,WA,King County,"727,518","1,525,264"
2020-11-11,WA,King County,"728,139","1,524,643"
2020-11-12,WA,King County,"733,494","1,519,288"
2020-11-13,WA,King County,"728,218","1,524,564"
2020-11-14,WA,King County,"758,352","1,494,430"
2020-11-15,WA,King County,"746,620","1,506,162"
2020-11-16,WA,King County,"775,694","1,477,088"
2020-11-17,WA,King County,"772,984","1,479,798"
2020-11-18,WA,King County,"763,979","1,488,803"
2020-11-19,WA,King County,"740,190","1,512,592"
2020-11-20,WA,King County,"743,525","1,509,257"
2020-11-21,WA,King County,"764,811","1,487,971"
2020-11-22,WA,King County,"766,481","1,486,301"
2020-11-23,WA,King County,"762,401","1,490,381"
2020-11-24,WA,King County,"716,584","1,536,198"
2020-11-25,WA,King County,"711,316","1,541,466"
2020-11-26,WA,King County,"766,649","1,486,133"
2020-11-27,WA,King County,"750,769","1,502,013"
2020-11-28,WA,King County,"749,356","1,503,426"
2020-11-29,WA,King County,"762,784","1,489,998"
2020-11-30,WA,King County,"741,685","1,511,097"
2020-12-01,WA,King County,"713,473","1,539,309"
2020-12-02,WA,King County,"692,154","1,560,628"
2020-12-03,WA,King County,"692,214","1,560,568"
2020-12-04,WA,King County,"694,419","1,558,363"
2020-12-05,WA,King County,"709,499","1,543,283"
2020-12-06,WA,King County,"736,544","1,516,238"
2020-12-07,WA,King County,"723,318","1,529,464"
2020-12-08,WA,King County,"713,000","1,539,782"
2020-12-09,WA,King County,"696,375","1,556,407"
2020-12-10,WA,King County,"712,607","1,540,175"
2020-12-11,WA,King County,"737,550","1,515,232"
2020-12-12,WA,King County,"740,911","1,511,871"
2020-12-13,WA,King County,"751,160","1,501,622"
2020-12-14,WA,King County,"719,026","1,533,756"
2020-12-15,WA,King County,"705,745","1,547,037"
2020-12-16,WA,King County,"722,624","1,530,158"
2020-12-17,WA,King County,"701,930","1,550,852"
2020-12-18,WA,King County,"729,112","1,523,670"
2020-12-19,WA,King County,"755,628","1,497,154"
2020-12-20,WA,King County,"772,868","1,479,914"
2020-12-21,WA,King County,"760,828","1,491,954"
2020-12-22,WA,King County,"768,129","1,484,653"
2020-12-23,WA,King County,"778,698","1,474,084"
2020-12-24,WA,King County,"768,421","1,484,361"
2020-12-25,WA,King County,"802,159","1,450,623"
2020-12-26,WA,King County,"766,421","1,486,361"
2020-12-27,WA,King County,"791,461","1,461,321"
2020-12-28,WA,King County,"717,819","1,534,963"
2020-12-29,WA,King County,"716,322","1,536,460"
2020-12-30,WA,King County,"721,661","1,531,121"
2020-12-31,WA,King County,"696,219","1,556,563"
